venue_id,venue_name,location,starting_price
,Smashpoint Arena,4.61·  Kota Jakarta Barat,Rp0
,Epic Court,Kota Manado,Rp0
,Epic Tennis Arena,Kota Surabaya,Rp0
,The Ardjuna,Kota Malang,Rp0
,Biru Tenis Club @ The Blue Table Harbourbay,Kota Batam,Rp0
,Bengawan Sport Centre,4.84·  Kota Surakarta,"Rp15,000"
,Bay Arena Kenjeran Surabaya,4.91·  Kota Surabaya,"Rp25,000"
,RG Padel & RGs Tennis,5.00·  Kabupaten Jepara,"Rp25,000"
,Lapangan Tenis Merdeka Klaten,4.91·  Kabupaten Klaten,"Rp25,000"
,Lapangan Tenis Situ Gintung,4.44·  Kota Tangerang Selatan,"Rp25,000"
,Tidal Sports Center Cileungsi,4.59·  Kabupaten Bogor,"Rp30,000"
,VATA Courts Cibubur,Kabupaten Bogor,"Rp30,000"
,Arco Tennis Club,Kota Depok,"Rp30,000"
,GRIT Istana Bunga,4.95·  Kabupaten Bandung Barat,"Rp35,000"
,Tatabumi Tennis Court,4.83·  Kabupaten Sleman,"Rp35,000"
,Gor Bulog Kanwil Sulteng,5.00·  Kota Palu,"Rp35,000"
,HW Sports Center,5.00·  Kabupaten Pekalongan,"Rp35,000"
,Lapangan Tenis Mitra Dago,4.94·  Kota Bandung,"Rp35,000"
1,Tennis Graha Sampurna Indah,4.60·  Kota Surabaya,"Rp35,000"
,Dreams Arena - BSD,4.95·  Kabupaten Tangerang,"Rp39,000"
,Permata Tennis Court,4.80·  Kabupaten Bandung Barat,"Rp40,000"
,Margomulyo Sports Center (MSC),4.73·  Kota Surabaya,"Rp40,000"
,Terre Arena,4.81·  Kabupaten Tangerang,"Rp40,000"
3,Lapangan Graha Cinere 3,3.53·  Kota Depok,"Rp40,000"
,Kemang Cage,4.72·  Kota Jakarta Selatan,"Rp40,000"
,PLN UPT MADIUN SPORT CENTRE,4.85·  Kota Madiun,"Rp40,000"
,REDWOOD TRAINING CENTER,5.00·  Kabupaten Lombok Barat,"Rp40,000"
,"TSC (TSM Sport Centre) - Klayan, Cirebon",4.71·  Kota Cirebon,"Rp45,000"
,Hulahoop Wellness Yogyakarta,4.11·  Kabupaten Sleman,"Rp50,000"
,Adhi Tennis Court,4.79·  Kota Jakarta Selatan,"Rp50,000"
,JIEP Sports Club,4.68·  Kota Jakarta Timur,"Rp50,000"
,MXL Ground,4.84·  Kota Jakarta Utara,"Rp50,000"
,Prodigy Padel,4.78·  Kabupaten Tangerang,"Rp50,000"
,Ultradome Padel Tennis Lounge,4.86·  Kota Jakarta Utara,"Rp50,000"
,Modern Golf Sports Club,4.63·  Kota Tangerang,"Rp50,000"
,UB Sport Center,4.71·  Kota Malang,"Rp50,000"
,Cobra Champion,4.90·  Kota Tangerang Selatan,"Rp50,000"
,Longitude Tennis Arena,4.99·  Kabupaten Tangerang,"Rp50,000"
,Baladika Tenis,4.91·  Kota Serang,"Rp50,000"
,Epic Sport Center - Tennis & Pickle,4.88·  Kota Bekasi,"Rp50,000"
,Lapangan Tenis Pusdikarmed,5.00·  Kota Cimahi,"Rp50,000"
,Bwalk Tennis Court Malang,4.44·  Kabupaten Malang,"Rp50,000"
,K3 Tennis And Padel Simulator,4.86·  Kota Tangerang,"Rp50,000"
,Arjuna Sport Center,5.00·  Kabupaten Malang,"Rp50,000"
,SINKONA TENNIS COURT,Kota Bandung,"Rp50,000"
,DARMO BARU TIMUR TENNIS COURT,Kota Surabaya,"Rp50,000"
,JJTC Bukitsari Tennis Park,4.92·  Kota Semarang,"Rp55,000"
,Airo Sport,5.00·  Kota Surabaya,"Rp55,500"
,Lapangan Tenis Indonesia Muda,4.69·  Kota Tangerang Selatan,"Rp60,000"
,Tennis Raflesia Taman  Yasmin,4.80·  Kota Bogor,"Rp60,000"
,Basketball Tennis C3 Serpong,Kota Tangerang Selatan,"Rp60,000"
,Ide Tennis Court,4.93·  Kota Jakarta Timur,"Rp60,000"
,Oase Arena Kota Tasikmalaya,Kota Tasikmalaya,"Rp60,000"
,Lapangan Tennis Unila Panglima Polim,Kota Bandar Lampung,"Rp60,000"
,Tennis Outdoor Ajendam Malang,4.60·  Kota Malang,"Rp60,000"
,FunK Court,4.50·  Kota Bekasi,"Rp60,000"
,WBA Sport Center,4.66·  Kabupaten Sidoarjo,"Rp65,000"
,Dharmais Arena,4.91·  Kabupaten Bogor,"Rp65,000"
,Ciangsana Cibubur Tennis Court,4.92·  Kabupaten Bogor,"Rp65,000"
,X25 Tennis & Padel Court Samarinda,4.80·  Kota Samarinda,"Rp65,000"
,GREEN TENNIS COURT,5.00·  Kota Kediri,"Rp65,000"
,Serva Social Club Depok,4.83·  Kota Depok,"Rp69,000"
,Grand Central Sport Center,4.78·  Kota Jakarta Utara,"Rp70,000"
,Gardenia Tennis Court,4.72·  Kota Tangerang Selatan,"Rp70,000"
,The Gardenslam Tennis Park Purwokerto,4.87·  Kabupaten Banyumas,"Rp70,000"
,Lapangan Tennis Universitas Lampung,4.75·  Kota Bandar Lampung,"Rp70,000"
,Nawa Sport Club,4.91·  Kabupaten Sukoharjo,"Rp70,000"
,Tennis Outdoor Bengrah,Kota Bandung,"Rp70,000"
,Deuce Arena,4.39·  Kota Jakarta Barat,"Rp70,000"
,Lapangan Tennis Griya Depok Asri (GDA),4.93·  Kota Depok,"Rp75,000"
,Jubilee Tennis Court,4.68·  Kota Tangerang Selatan,"Rp75,000"
,Off Court,4.87·  Kota Tangerang Selatan,"Rp75,000"
,Lapangan Tennis Korem,4.78·  Kota Bogor,"Rp75,000"
,Kings Court,4.97·  Kota Jakarta Timur,"Rp75,000"
,Lapangan Tenis Villa Citra,4.48·  Kota Bandar Lampung,"Rp75,000"
,Royal Player Club,4.80·  Kota Makassar,"Rp75,000"
,Puri Anggrek Mas Tennis Court,4.89·  Kota Depok,"Rp75,000"
,Lapangan Tenis GHTC Bekasi,4.88·  Kota Bekasi,"Rp75,000"
,Badia Court Pangandaran,4.93·  Kabupaten Pangandaran,"Rp75,000"
,Ulun Padel 101 Sport Centre,4.85·  Kota Banjarmasin,"Rp75,000"
,UNJANI SPORTS CENTER,4.37·  Kota Cimahi,"Rp75,000"
,1.3 Taman Jajan Sportsclub By DOOgether,4.54·  Kota Tangerang Selatan,"Rp75,000"
,Putra Yudha Tennis Court,5.00·  Kota Malang,"Rp75,000"
,Club House CitraLand,Kota Bandar Lampung,"Rp75,000"
,Tenis Indoor & Outdoor Sesko TNI,4.67·  Kota Bandung,"Rp75,000"
,Sunrise Tennis & Pickleball Court,4.87·  Kota Bogor,"Rp75,000"
,Lapangan Tennis Outdoor Unesa Ketintang,Kota Surabaya,"Rp75,000"
,Nordic Courts,4.87·  Kota Jakarta Barat,"Rp77,000"
,Padelnis Sports,4.93·  Kota Cirebon,"Rp77,000"
,Vlocity Arena,4.86·  Kota Jakarta Barat,"Rp78,000"
2,Galaxy Sports Center Pik 2,4.87·  Kabupaten Tangerang,"Rp80,000"
,Tennis Matic Kedoya,4.92·  Kota Jakarta Barat,"Rp80,000"
,Lapangan Tennis Pusdik Lantas,4.59·  Kota Tangerang Selatan,"Rp80,000"
,Tennis Taman Cipulir Estate,4.75·  Kota Tangerang,"Rp80,000"
,Tennis Padel Matic Suju,4.88·  Kota Bandung,"Rp80,000"
,"Budi Indah Tennis Court, Batu Ceper, Tangerang",5.00·  Kota Tangerang,"Rp80,000"
,Kenzo Sport Arena,4.53·  Kota Salatiga,"Rp80,000"
,YG Court,4.98·  Kota Bandar Lampung,"Rp80,000"
,Arcadia Tennis Club,Kota Depok,"Rp80,000"
,Aria Racquet Arena,4.96·  Kota Tangerang Selatan,"Rp85,000"
,Beyond The Court,4.93·  Kota Jakarta Timur,"Rp85,000"
,LAPANGAN TENNIS NEUSU KOTA BANDA ACEH,5.00·  Kota Banda Aceh,"Rp85,000"
,Tenis Outdoor Pusdikku,4.89·  Kota Bandung,"Rp85,000"
,Tennis Indoor & Outdoor Pussenkav,4.63·  Kota Bandung,"Rp85,000"
,TennisBay @ Wiladatika Cibubur,4.82·  Kota Depok,"Rp88,000"
,Forte Sport,4.47·  Kota Tangerang Selatan,"Rp88,000"
,Ayo Sports Club,4.91·  Kota Surabaya,"Rp88,000"
,Sriwedari Cibubur Tennis Court,4.75·  Kota Depok,"Rp90,000"
,Pakuwon Golf & Family Club,4.80·  Kota Surabaya,"Rp90,000"
,O2 Court,Kota Jakarta Pusat,"Rp90,000"
,The Exchange Court,4.80·  Kota Balikpapan,"Rp90,000"
,Hankam Cibubur Tennis Court,4.85·  Kota Jakarta Timur,"Rp90,000"
,Tenis Indoor Perhutani,4.67·  Kota Bandung,"Rp90,000"
,Clubhouse Depok,Kota Depok,"Rp90,000"
,Tennis Indoor Permata Hijau - Purwokerto,4.84·  Kabupaten Banyumas,"Rp95,000"
,Point Smash,5.00·  Kabupaten Sukoharjo,"Rp95,000"
,Tennis Matic PIK2,4.90·  Kabupaten Tangerang,"Rp99,000"
,Little Racquet Club,4.98·  Kabupaten Bogor,"Rp99,000"
,Comum Padel & Tennis Simulator,4.64·  Kota Tangerang,"Rp99,000"
,Pitcourt,4.73·  Kota Tangerang Selatan,"Rp99,000"
,Olympus Tennis - Ancol,4.84·  Kota Jakarta Utara,"Rp100,000"
,Orion Tennis Court,4.85·  Kota Jakarta Selatan,"Rp100,000"
,GOAT Tennis Arena,4.62·  Kota Tangerang Selatan,"Rp100,000"
,Lapangan Tenis Walang,4.89·  Kota Jakarta Utara,"Rp100,000"
,Buncit Indah Sports Club,4.89·  Kota Jakarta Selatan,"Rp100,000"
,Cross Court Tennis & Pickleball,4.91·  Kota Semarang,"Rp100,000"
,Bumi Pancasona Sports Club,4.92·  Kabupaten Bandung Barat,"Rp100,000"
,Daily Court,4.92·  Kota Jakarta Barat,"Rp100,000"
,Playpro Sports Arena,4.72·  Kota Bekasi,"Rp100,000"
,Solo Padel Club,4.85·  Kabupaten Karanganyar,"Rp100,000"
,ATB Tennis,4.90·  Kota Bogor,"Rp100,000"
,Wiyata Zeni Tennis Court,4.71·  Kota Bogor,"Rp100,000"
,Tennis Groove,4.98·  Kabupaten Bekasi,"Rp100,000"
,Puri Taman Sari Tennis Court,4.78·  Kota Cirebon,"Rp100,000"
,Pondok Cabe Tennis Court,4.94·  Kota Tangerang Selatan,"Rp100,000"
,RR Tennis Court,4.95·  Kota Tangerang Selatan,"Rp100,000"
,Hore Padel & Tenis,4.97·  Kota Surakarta,"Rp100,000"
,Sempusari Sport Center,5.00·  Kabupaten Jember,"Rp100,000"
,Twelve Tennis Court,4.93·  Kota Bekasi,"Rp100,000"
,Palm Court Serua,Kota Tangerang Selatan,"Rp100,000"
,ICON Clubhouse By DOOgether,Kabupaten Tangerang,"Rp100,000"
,Agape Padel & Tennis Court,4.88·  Kota Samarinda,"Rp100,000"
,Jambuluwuk Batu Sports Center,4.75·  Kota Batu,"Rp100,000"
,TekMIRA Sport,4.75·  Kota Bandung,"Rp100,000"
,"Dewi Sri Court, Kota Tegal",5.00·  Kota Tegal,"Rp100,000"
,GOR Tennis New Armada,4.67·  Kabupaten Magelang,"Rp100,000"
,MATCH POINT Tennis Court,5.00·  Kabupaten Sleman,"Rp100,000"
,Tennis EL Hotel Kartika Wijaya Batu,5.00·  Kota Batu,"Rp100,000"
,Tennis Indoor Ditajenad,5.00·  Kota Bandung,"Rp100,000"
,VIBORA By Grandeur,Kota Surabaya,"Rp100,000"
,Leoni Tenis,5.00·  Kota Jakarta Timur,"Rp100,000"
,Tenis Court Palem Semi Karawaci,4.40·  Kabupaten Tangerang,"Rp100,000"
,Boenglon Courts,5.00·  Kabupaten Kutai Timur,"Rp100,000"
,Club SOL,4.87·  Kabupaten Tangerang,"Rp105,000"
,Playcourt Padel Pondok Labu,4.77·  Kota Depok,"Rp109,000"
,The Sim Tennis Court Pondok Labu,4.71·  Kota Jakarta Selatan,"Rp110,000"
,Smashlab,4.85·  Kota Makassar,"Rp110,000"
,RajawaliSC,5.00·  Kota Malang,"Rp110,000"
,F2C Court,4.70·  Kabupaten Sleman,"Rp110,000"
,Sport Center Cibabat Park,3.76·  Kota Cimahi,"Rp115,000"
,Playcourt Tennis Depok,4.66·  Kota Depok,"Rp119,000"
,Sportive Hub,4.87·  Kota Cimahi,"Rp119,000"
,Patraland Tennis Court - Patra Kuningan,4.84·  Kota Jakarta Selatan,"Rp120,000"
,Ancol Tennis Warehouse,4.84·  Kota Jakarta Utara,"Rp120,000"
,Patraland Tennis Court - Dukuh Patra,4.85·  Kota Jakarta Selatan,"Rp120,000"
,Homeground Signature Pluit,4.89·  Kota Jakarta Barat,"Rp120,000"
,Inside Out Tennis Club At Lebak Lestari,4.73·  Kota Jakarta Selatan,"Rp120,000"
,Racquet Club Sentul,4.88·  Kabupaten Bogor,"Rp120,000"
88,Court 88,4.71·  Kota Jakarta Selatan,"Rp120,000"
,Bukit Pratama Tennis Court,4.88·  Kota Jakarta Selatan,"Rp125,000"
,Top Spin Arena,4.83·  Kota Makassar,"Rp125,000"
,Lapangan Tennis SMESCO,4.40·  Kabupaten Sidoarjo,"Rp125,000"
,GOR Pamularsih,4.73·  Kota Semarang,"Rp125,000"
,KSC Racquet Club,4.81·  Kota Jakarta Barat,"Rp125,000"
,CGE Arena,4.82·  Kota Depok,"Rp125,000"
,Jacinto Tennis Sport,4.77·  Kota Tangerang Selatan,"Rp125,000"
,Samator Tennis Court,4.40·  Kota Surabaya,"Rp125,000"
,Gading Mas Racquet Club,4.54·  Kota Jakarta Utara,"Rp125,000"
,Tenis Indoor Ajendam Bandung,Kota Bandung,"Rp125,000"
,Guntur Tennis Court,4.67·  Kota Jakarta Selatan,"Rp125,000"
,Lapangan Tennis Krida Court,4.80·  Kota Jakarta Timur,"Rp130,000"
,Avantgarde Tennis & Pickle Court Pluit,4.55·  Kota Jakarta Utara,"Rp130,000"
,HOLA! Padel & Tennis Club,4.91·  Kota Balikpapan,"Rp130,000"
,Solace Tennis Club By The Araya,4.95·  Kota Malang,"Rp130,000"
,Saint Joseph Sports Facilities,5.00·  Kota Surakarta,"Rp130,000"
,Wins Arena - Kuningan,4.66·  Kota Jakarta Selatan,"Rp134,824"
,Goat Arena Bandung,4.75·  Kota Bandung,"Rp135,000"
,Lapangan Pegasus By Courterra,4.96·  Kota Tangerang Selatan,"Rp135,000"
,Encanto Tennis,4.81·  Kota Depok,"Rp135,000"
,Playcourt Tennis Litbang Pondok Labu,4.58·  Kota Depok,"Rp139,000"
,Nara Tennis Court Outdoor,4.91·  Kota Jakarta Selatan,"Rp140,000"
,BBS KJ Secondary Sports Field,4.67·  Kota Jakarta Barat,"Rp142,000"
,Centre Court BSD,4.97·  Kabupaten Tangerang,"Rp145,000"
,Tennis Ampera,4.57·  Kota Jakarta Selatan,"Rp145,000"
,Courtehaus,4.87·  Kabupaten Sleman,"Rp145,000"
,Cibinong Tennis Center,4.85·  Kabupaten Bogor,"Rp150,000"
,Lapangan Tenis Girly,4.83·  Kota Depok,"Rp150,000"
,Olympus Prime Sports Center - Bandengan,4.90·  Kota Jakarta Utara,"Rp150,000"
,Sekawan Court Padel & Tenis,4.97·  Kabupaten Sleman,"Rp150,000"
,Batavia Sports Club,4.81·  Kota Jakarta Utara,"Rp150,000"
,Padel Playground,4.96·  Kabupaten Bogor,"Rp150,000"
,Tribuana Tennis Court,4.73·  Kota Jakarta Timur,"Rp150,000"
,Prime Padel & Tennis Club,Kabupaten Cirebon,"Rp150,000"
,Armor Tennis Indoor,4.37·  Kota Tangerang Selatan,"Rp150,000"
,Adhyaksa Sports Center,5.00·  Kota Samarinda,"Rp150,000"
,YOLO Sports & Lifestyle Pluit,4.33·  Kota Jakarta Utara,"Rp150,000"
,Tenis Indoor Rampal,4.93·  Kota Malang,"Rp150,000"
,Prospero Tenis Court,5.00·  Kota Tangerang Selatan,"Rp150,000"
,Tennis Indoor Kodiklat,5.00·  Kota Bandung,"Rp150,000"
,Lapangan Sahabat Muara Karang,4.21·  Kota Jakarta Utara,"Rp160,000"
,Wins Arena PG - Tennis,4.72·  Kota Jakarta Timur,"Rp160,000"
,Unity Sports Center,4.83·  Kota Semarang,"Rp160,000"
,Court Nation,5.00·  Kabupaten Bekasi,"Rp160,000"
,Gading Slam Tennis Court,4.65·  Kota Jakarta Utara,"Rp165,000"
,Arte Padel & Tennis Club,4.95·  Kota Samarinda,"Rp165,000"
,Metro Margomulyo Tennis Indoor,4.96·  Kota Surabaya,"Rp175,000"
,Ambassador Tennis,4.94·  Kota Malang,"Rp175,000"
,Royal Court Palmerah,4.94·  Kota Jakarta Barat,"Rp175,000"
,Kinderfield Jambi Racket Club,5.00·  Kota Jambi,"Rp175,000"
,HQ Padel & Tennis,4.95·  Kota Jakarta Selatan,"Rp175,000"
,Finley Racquet Club,4.92·  Kota Jakarta Timur,"Rp175,000"
,CROWN RACQUET CLUB - Tennis,4.83·  Kabupaten Bekasi,"Rp175,000"
,JOI Sports And Social,Kabupaten Sleman,"Rp175,000"
,Puri Kencana Karah Sport Center,4.85·  Kota Surabaya,"Rp180,000"
,MMS ARENA,4.20·  Kota Jakarta Selatan,"Rp180,000"
,GlobalXtreme Tennis Court,5.00·  Kabupaten Malang,"Rp180,000"
2,Foreground Racquet Simulator - PIK 2,4.98·  Kabupaten Tangerang,"Rp185,000"
,Homeground Tennis Jemursari,5.00·  Kota Surabaya,"Rp185,000"
,Lucky Tennis Indoor,4.89·  Kota Tangerang,"Rp190,000"
,Seba Court,4.95·  Kota Jakarta Selatan,"Rp190,000"
,Emirates Club,5.00·  Kabupaten Cirebon,"Rp198,000"
,Anwa Racquet Privé (ex Anwa Tennis Club),4.85·  Kota Jakarta Barat,"Rp199,000"
,Next Gen Pulomas,4.17·  Kota Jakarta Timur,"Rp200,000"
,Love Tennis Academy Sunter,4.80·  Kota Jakarta Utara,"Rp200,000"
,The Raquette Temple,4.88·  Kota Tangerang Selatan,"Rp200,000"
,Urban Racquet Club,4.78·  Kota Jakarta Utara,"Rp200,000"
,MY Tennis Club - Sunter,4.91·  Kota Jakarta Utara,"Rp200,000"
,The Field,4.76·  Kota Jakarta Selatan,"Rp200,000"
,Armor Padel & Tennis,4.85·  Kota Tangerang Selatan,"Rp200,000"
,D'Sports Arena,4.91·  Kabupaten Minahasa Utara,"Rp200,000"
,Tennis Court At Sunlake,4.20·  Kota Jakarta Utara,"Rp200,000"
,Pluit Padel Parq (PPP),4.91·  Kota Jakarta Utara,"Rp200,000"
,Istana Court,5.00·  Kota Pekanbaru,"Rp200,000"
,Treeside Courts,4.69·  Kota Bekasi,"Rp200,000"
,Foreground Racquet Simulator - Pluit,5.00·  Kota Jakarta Utara,"Rp205,000"
,House Of Tennis Gading Serpong,4.94·  Kota Tangerang Selatan,"Rp210,000"
,Arman Tennis Court A (d/h Weedees),4.74·  Kota Depok,"Rp220,000"
,Permata Sport Arena - Daan Mogot,4.79·  Kota Jakarta Barat,"Rp220,000"
,Arman Tennis Court B (d/h Weedees),4.79·  Kota Depok,"Rp220,000"
,La Niny Tennis Court,4.84·  Kota Jakarta Selatan,"Rp225,000"
,RacketGo Sunter,4.81·  Kota Jakarta Utara,"Rp225,000"
,Gilatennis kebayoran lama,4.64·  Kota Jakarta Selatan,"Rp225,000"
,Wibowo Hadisubroto Tennis Center,5.00·  Kota Cimahi,"Rp225,000"
,Chemistry Tennis Court,Kota Depok,"Rp225,000"
,Nammos Sports & Social,4.87·  Kabupaten Sleman,"Rp225,000"
,British School Jakarta,4.94·  Kota Tangerang Selatan,"Rp230,000"
,The Citadel,5.00·  Kota Jakarta Barat,"Rp230,000"
,My Club House - Tennis,4.99·  Kota Jakarta Utara,"Rp235,000"
,House Of Tennis Kedoya,4.84·  Kota Jakarta Barat,"Rp240,000"
,Antam Sports Center,4.00·  Kota Jakarta Selatan,"Rp240,000"
,Metro Puri Tennis Indoor,4.89·  Kota Jakarta Barat,"Rp250,000"
,Tennis Court Puri Anandita,5.00·  Kabupaten Bogor,"Rp250,000"
,The Raquette Temple Sunter,5.00·  Kota Jakarta Utara,"Rp250,000"
,Poppies Racquet Club,Kota Tangerang,"Rp250,000"
,King Tennis Privé,4.83·  Kota Jakarta Selatan,"Rp250,000"
,The Court By Baritopia,5.00·  Kabupaten Barito Kuala,"Rp250,000"
,Tennis And Padel Plush Premier Medan,Kota Medan,"Rp250,000"
,Nara Tennis Court Indoor,4.76·  Kota Jakarta Selatan,"Rp260,000"
,DBL Academy Jakarta East,5.00·  Kota Jakarta Timur,"Rp260,000"
,The Racquet Club ( TRC ),4.91·  Kota Jakarta Selatan,"Rp275,000"
,Jungle Tennis,4.93·  Kota Jakarta Barat,"Rp275,000"
,Prisma Tennis,4.84·  Kota Jakarta Barat,"Rp275,000"
,Trilogi Arena By Duale,4.92·  Kota Jakarta Selatan,"Rp275,000"
,Foreground  Racquet Simulator - Sunter,5.00·  Kota Jakarta Utara,"Rp275,000"
,House Of Tennis Reserve Kebon Jeruk,Kota Jakarta Barat,"Rp275,000"
,Exploria Court,5.00·  Kota Jakarta Selatan,"Rp280,000"
,Open Stance Tennis Indoor,Kota Jakarta Selatan,"Rp280,000"
,3Nine Indoor Tennis,Kota Jakarta Selatan,"Rp285,000"
,Maison Tennis Playcourt - Bintaro,4.93·  Kota Tangerang Selatan,"Rp290,000"
,Foreground Racquet Simulator - Kemang,4.92·  Kota Jakarta Selatan,"Rp300,000"
,Gandaria Tennis Arena,4.95·  Kota Jakarta Selatan,"Rp330,000"
,Capital Racquet,5.00·  Kota Jakarta Selatan,"Rp350,000"
,Premier Court Mitrasraya,4.71·  Kota Jakarta Selatan,"Rp375,000"
,Tennis Indoor Andy Jaya,4.61·  Kota Bekasi,"Rp400,000"
,Sheraton Surabaya Tennis Court,5.00·  Kota Surabaya,"Rp500,000"
,Andy Jaya Tennis Club,4.31·  Kota Bekasi,"Rp600,000"
,Menteng Tennis Club @ Common Grounds Terra,4.90·  Kota Jakarta Pusat,"Rp900,000"
